Workbook

Sheet Products
A1: Product Code | B1: Category | C1: Product Name | D1: Description | E1: Pricing Model | F1: Unit | G1: Formula | H1: Has Variants | I1: Related Products | J1: Notes
A2: POSM-001 | B2: POSM | C2: ร่มโค้ก | D2: ร่มสำหรับร้านค้า มีขนาด 36/40 นิ้ว × โครงเหล็ก/ไฟเบอร์ × สีตาย/ไล่ระดับสี | E2: flat | F2: piece | H2: TRUE
A3: POSM-002 | B3: POSM | C3: กล่องทิชชู-โค้ก | D3: กล่องทิชชูพร้อมโลโก้โค้ก | E3: flat | F3: piece | H3: FALSE
A4: POSM-003 | B4: POSM | C4: ผ้ากันเปื้อนโคคา-โคล่า | D4: เอี้ยม (เต็มตัว) ไขว้หลัง หรือ ครึ่งตัว | E4: flat | F4: piece | H4: TRUE
A5: POSM-004 | B5: POSM | C5: ถังใส่น้ำแข็ง-โค้ก | D5: ทรงสี่เหลี่ยม | E5: flat | F5: piece | H5: FALSE
A6: POSM-005 | B6: POSM | C6: กล่องใส่ช้อน/ตะเกียบ | D6: แบบแนวตั้ง | E6: flat | F6: piece | H6: FALSE
A7: POSM-006 | B7: POSM | C7: Mega Rack | D7: แร็คสำหรับ TT-DSD และ WS มีขนาด 120x40x150 cm และ 150x60x150 cm | E7: flat | F7: piece | H7: TRUE
A8: PRINT-001 | B8: Printing | C8: PP Board | D8: ป้ายหน้าเคาน์เตอร์ มีขนาด 120x120, 85x190, 70x150 cm | E8: flat | F8: piece | H8: TRUE
A9: PRINT-002 | B9: Printing | C9: ป้ายรายการอาหารโค้ก | D9: 60x120 cm | E9: flat | F9: piece | H9: FALSE
A10: PRINT-003 | B10: Printing | C10: แบนเนอร์โค้ก | D10: 80x300 cm | E10: flat | F10: piece | H10: FALSE
A11: PRINT-004 | B11: Printing | C11: ผ้าใบกันสาด-โค้ก | D11: 1.8x3.5 m | E11: flat | F11: piece | H11: FALSE
A12: PRINT-005 | B12: Printing | C12: แผ่นริจิ-โค้ก | D12: มีขนาด 16x24 นิ้ว และ 24x32 นิ้ว | E12: flat | F12: piece | H12: TRUE
A13: GARMT-001 | B13: Garment | C13: เสื้อยืด | D13: Cotton สีขาว หรือ สีอื่นๆ (สีอ่อน +5฿ / สีกลาง +10฿ / สีเข้ม +20฿) | E13: flat | F13: piece | H13: TRUE
... A19: PREM-004 | B19: Premium | C19: Bean Bag | D19: หนังชามัวร์ หรือ วัสดุผ้า | E19: flat | F19: piece | H19: TRUE

Sheet README
A1: PROCUREMENT PRICE TEMPLATE v2.0
A4: 📋 SHEET DESCRIPTIONS:
A6: 1. Products - Master product list
A7: • product_id: Unique ID (e.g., POSM-001, GARMT-001)
A8: • pricing_model: flat / unit / tiered
A9: • unit: piece / sqm / set / etc.
A10: • formula: for unit-based (e.g., 'width * height')
A12: 2. Variants - Product variations
A13: • For products with multiple specs (color, size, material)
A14: • base_price_modifier: additional cost (+5, +10, etc.)
A16: 3. Vendor_Prices - Actual pricing from vendors
A17: • qty_min/max: price brackets (for tiered pricing)
... A54: Last updated: 2026-07-31

Sheet Variants
A1: Variant Code | B1: Product Code | C1: Description | D1: Attribute | E1: Condition | F1: Base Price Modifier | G1: Modifier Type | H1: Priority | I1: Notes
A2: POSM-001-V1 | B2: POSM-001 | C2: 36 นิ้ว โครงเหล็ก สีตาย (ไม่เกิน 4 สี) | D2: ขนาด+โครง+สี | E2: 36นิ้ว,เหล็ก,สีตาย | F2: 0 | G2: + | H2: 1
A3: POSM-001-V2 | B3: POSM-001 | C3: 36 นิ้ว โครงเหล็ก ไล่ระดับสี (ไม่เกิน 8 เฉด) | D3: ขนาด+โครง+สี | E3: 36นิ้ว,เหล็ก,ไล่ระดับสี | F3: 5 | G3: + | H3: 2 | I3: +5 บาทจากสีตาย
A4: POSM-001-V3 | B4: POSM-001 | C4: 36 นิ้ว โครงไฟเบอร์ สีตาย (ไม่เกิน 4 สี) | D4: ขนาด+โครง+สี | E4: 36นิ้ว,ไฟเบอร์,สีตาย | F4: 0 | G4: + | H4: 1
A5: POSM-001-V4 | B5: POSM-001 | C5: 36 นิ้ว โครงไฟเบอร์ ไล่ระดับสี (ไม่เกิน 8 เฉด) | D5: ขนาด+โครง+สี | E5: 36นิ้ว,ไฟเบอร์,ไล่ระดับสี | F5: 5 | G5: + | H5: 2 | I5: +5 บาทจากสีตาย
A6: POSM-001-V5 | B6: POSM-001 | C6: 40 นิ้ว โครงเหล็ก สีตาย (ไม่เกิน 4 สี) | D6: ขนาด+โครง+สี | E6: 40นิ้ว,เหล็ก,สีตาย | F6: 20 | G6: + | H6: 1 | I6: +20 บาทจาก 36 นิ้ว
A7: POSM-001-V6 | B7: POSM-001 | C7: 40 นิ้ว โครงเหล็ก ไล่ระดับสี (ไม่เกิน 8 เฉด) | D7: ขนาด+โครง+สี | E7: 40นิ้ว,เหล็ก,ไล่ระดับสี | F7: 25 | G7: + | H7: 2 | I7: +25 บาทจาก 36 นิ้ว
A8: POSM-001-V7 | B8: POSM-001 | C8: 40 นิ้ว โครงไฟเบอร์ สีตาย (ไม่เกิน 4 สี) | D8: ขนาด+โครง+สี | E8: 40นิ้ว,ไฟเบอร์,สีตาย | F8: 20 | G8: + | H8: 1 | I8: +20 บาทจาก 36 นิ้ว
A9: POSM-001-V8 | B9: POSM-001 | C9: 40 นิ้ว โครงไฟเบอร์ ไล่ระดับสี (ไม่เกิน 8 เฉด) | D9: ขนาด+โครง+สี | E9: 40นิ้ว,ไฟเบอร์,ไล่ระดับสี | F9: 25 | G9: + | H9: 2 | I9: +25 บาทจาก 36 นิ้ว
A10: POSM-003-V1 | B10: POSM-003 | C10: เอี้ยม (เต็มตัว) ไขว้หลัง | D10: แบบ | E10: เต็มตัว | F10: 0 | G10: + | H10: 1
A11: POSM-003-V2 | B11: POSM-003 | C11: ครึ่งตัว | D11: แบบ | E11: ครึ่งตัว | F11: -10 | G11: + | H11: 1 | I11: ถูกกว่าแบบเต็มตัว
A12: POSM-006-V1 | B12: POSM-006 | C12: 120x40x150 cm (TT-DSD) | D12: ขนาด+ประเภท | E12: 120x40x150,TT-DSD | F12: 0 | G12: + | H12: 1
A13: POSM-006-V2 | B13: POSM-006 | C13: 150x60x150 cm (WS) | D13: ขนาด+ประเภท | E13: 150x60x150,WS | F13: 200 | G13: + | H13: 1 | I13: ขนาดใหญ่กว่า +200 บาท
A14: PRINT-001-V1 | B14: PRINT-001 | C14: 120x120 cm (โค้กเขียนชื่อร้านค้า) | D14: ขนาด | E14: 120x120 | F14: 0 | G14: + | H14: 1 | I14: ขนาดใหญ่สุด
A15: PRINT-001-V2 | B15: PRINT-001 | C15: 85x190 cm (ป้ายหน้าเคาน์เตอร์) | D15: ขนาด | E15: 85x190 | F15: -130 | G15: + | H15: 2 | I15: ถูกกว่า 120x120
A16: PRINT-001-V3 | B16: PRINT-001 | C16: 70x150 cm (ป้ายหน้าเคาน์เตอร์) | D16: ขนาด | E16: 70x150 | F16: -230 | G16: + | H16: 3 | I16: ขนาดเล็กสุด
A17: PRINT-005-V1 | B17: PRINT-005 | C17: 16x24 นิ้ว | D17: ขนาด | E17: 16x24 | F17: 0 | G17: + | H17: 1 | I17: ขนาดเล็ก
A18: PRINT-005-V2 | B18: PRINT-005 | C18: 24x32 นิ้ว | D18: ขนาด | E18: 24x32 | F18: 15 | G18: + | H18: 1 | I18: ขนาดใหญ่ +15 บาท
A19: GARMT-001-V1 | B19: GARMT-001 | C19: สีขาว | D19: สี | E19: ขาว | F19: 0 | G19: + | H19: 1 | I19: ราคาฐาน
A20: GARMT-001-V2 | B20: GARMT-001 | C20: สีอ่อน | D20: สี | E20: อ่อน | F20: 5 | G20: + | H20: 2 | I20: +5 บาท
A21: GARMT-001-V3 | B21: GARMT-001 | C21: สีกลาง | D21: สี | E21: กลาง | F21: 10 | G21: + | H21: 3 | I21: +10 บาท
A22: GARMT-001-V4 | B22: GARMT-001 | C22: สีเข้ม | D22: สี | E22: เข้ม | F22: 20 | G22: + | H22: 4 | I22: +20 บาท
A23: GARMT-002-V1 | B23: GARMT-002 | C23: ผ้า TC สีขาว | D23: สี | E23: ขาว | F23: 0 | G23: + | H23: 1 | I23: ราคาฐาน
A24: GARMT-002-V2 | B24: GARMT-002 | C24: ผ้า TC สีอ่อน | D24: สี | E24: อ่อน | F24: 5 | G24: + | H24: 2 | I24: +5 บาท
... A26: GARMT-002-V4 | B26: GARMT-002 | C26: ผ้า TC สีเข้ม | D26: สี | E26: เข้ม | F26: 20 | G26: + | H26: 4 | I26: +20 บาท
A27: GARMT-004-V1 | B27: GARMT-004 | C27: 1 สี | D27: จำนวนสี | E27: 1 | F27: 0 | G27: + | H27: 1
A28: GARMT-004-V2 | B28: GARMT-004 | C28: 2 สี | D28: จำนวนสี | E28: 2 | F28: 5 | G28: + | H28: 2 | I28: +5 บาทต่อสีเพิ่ม
A29: GARMT-004-V3 | B29: GARMT-004 | C29: 3 สี | D29: จำนวนสี | E29: 3 | F29: 10 | G29: + | H29: 3 | I29: +10 บาทจากราคาฐาน
A30: GARMT-004-V4 | B30: GARMT-004 | C30: 4 สี | D30: จำนวนสี | E30: 4 | F30: 15 | G30: + | H30: 4 | I30: +15 บาทจากราคาฐาน
A31: PREM-004-V1 | B31: PREM-004 | C31: หนังชามัวร์ | D31: วัสดุ | E31: หนังชามัวร์ | F31: 0 | G31: + | H31: 1 | I31: ราคาฐาน
A32: PREM-004-V2 | B32: PREM-004 | C32: วัสดุผ้า | D32: วัสดุ | E32: ผ้า | F32: -50 | G32: + | H32: 2 | I32: ถูกกว่าหนัง 50 บาท
A33: PREM-001-V1 | B33: PREM-001 | C33: 6.5 ออนซ์ | D33: ขนาด | E33: 6.5oz | F33: 0 | G33: + | H33: 1 | I33: ขนาดเล็ก
A34: PREM-001-V2 | B34: PREM-001 | C34: 22 ออนซ์ | D34: ขนาด | E34: 22oz | F34: 2.41 | G34: + | H34: 2 | I34: ขนาดใหญ่ +2.41 บาท

Sheet Vendors
A1: Vendor Code | B1: Vendor Name | C1: Contact Person | D1: Phone | E1: Email | F1: Address | G1: Notes
A2: VEN-A | B2: Vendor A | C2: นายเอ | D2: 02-111-1111 | E2: vendora@example.com | F2: กรุงเทพฯ | G2: Vendor หลัก POSM
A3: VEN-B | B3: Vendor B | C3: นางสาวบี | D3: 02-222-2222 | E3: vendorb@example.com | F3: กรุงเทพฯ
A4: VEN-C | B4: Vendor C | C4: นายซี | D4: 02-333-3333 | E4: vendorc@example.com | F4: สมุทรปราการ | G4: Vendor หลัก Printing
A5: VEN-D | B5: Vendor D | C5: นางสาวดี | D5: 02-444-4444 | E5: vendord@example.com | F5: นนทบุรี
A6: VEN-E | B6: Vendor E | C6: นายอี | D6: 02-555-5555 | E6: vendore@example.com | F6: กรุงเทพฯ
A7: VEN-F | B7: Vendor F | C7: นางเอฟ | D7: 02-666-6666 | E7: vendorf@example.com | F7: ปทุมธานี | G7: Vendor หลัก PP Board
A8: VEN-G | B8: Vendor G | C8: นายจี | D8: 02-777-7777 | E8: vendorg@example.com | F8: กรุงเทพฯ
A9: VEN-H | B9: Vendor H | C9: นางสาวเอช | D9: 02-888-8888 | E9: vendorh@example.com | F9: สมุทรปราการ
A10: VEN-I | B10: Vendor I | C10: นายไอ | D10: 02-999-9999 | E10: vendori@example.com | F10: กรุงเทพฯ | G10: Vendor หลัก Garment
A11: VEN-J | B11: Vendor J | C11: นางเจ | D11: 02-101-0101 | E11: vendorj@example.com | F11: กรุงเทพฯ
A12: VEN-K | B12: Vendor K | C12: นายเค | D12: 02-102-0202 | E12: vendork@example.com | F12: นนทบุรี | G12: สกรีน
A13: VEN-L | B13: Vendor L | C13: นางสาวแอล | D13: 02-103-0303 | E13: vendorl@example.com | F13: กรุงเทพฯ
A14: VEN-M | B14: Vendor M | C14: นายเอ็ม | D14: 02-104-0404 | E14: vendorm@example.com | F14: สมุทรปราการ | G14: Premium Items
A15: VEN-N | B15: Vendor N | C15: นางเอ็น | D15: 02-105-0505 | E15: vendorn@example.com | F15: กรุงเทพฯ | G15: Mega Rack
A16: VEN-O | B16: Vendor O | C16: นายโอ | D16: 02-106-0606 | E16: vendoro@example.com | F16: กรุงเทพฯ | G16: ราคาถูก แต่คุณภาพต่ำ

Sheet Vendor_Prices
A1: Product Code | B1: Variant Code | C1: Vendor Code | D1: Price | E1: Unit | F1: Qty | G1: Qty Range | H1: Year | I1: Is Winner | J1: Meets Spec | K1: Product Name | L1: Product Description | M1: Vendor Name | N1: Notes
A2: POSM-001 | B2: POSM-001-V1 | C2: VEN-A | D2: 523 | E2: piece | F2: 1 | H2: 2026 | I2: TRUE | J2: TRUE | K2: =VLOOKUP(A2, Products!$A:$C, 3, FALSE) | L2: =VLOOKUP(A2, Products!$A:$D, 4, FALSE) | M2: =VLOOKUP(C2, Vendors!$A:$B, 2, FALSE)
A3: POSM-001 | B3: POSM-001-V1 | C3: VEN-B | D3: 565 | E3: piece | F3: 1 | H3: 2026 | I3: FALSE | J3: TRUE | K3: =VLOOKUP(A3, Products!$A:$C, 3, FALSE) | L3: =VLOOKUP(A3, Products!$A:$D, 4, FALSE) | M3: =VLOOKUP(C3, Vendors!$A:$B, 2, FALSE)
A4: POSM-001 | B4: POSM-001-V1 | C4: VEN-C | D4: 480 | E4: piece | F4: 1 | H4: 2026 | I4: FALSE | J4: FALSE | K4: =VLOOKUP(A4, Products!$A:$C, 3, FALSE) | L4: =VLOOKUP(A4, Products!$A:$D, 4, FALSE) | M4: =VLOOKUP(C4, Vendors!$A:$B, 2, FALSE)
A5: POSM-001 | B5: POSM-001-V2 | C5: VEN-A | D5: 528 | E5: piece | F5: 1 | H5: 2026 | I5: TRUE | J5: TRUE | K5: =VLOOKUP(A5, Products!$A:$C, 3, FALSE) | L5: =VLOOKUP(A5, Products!$A:$D, 4, FALSE) | M5: =VLOOKUP(C5, Vendors!$A:$B, 2, FALSE)
A6: POSM-001 | B6: POSM-001-V3 | C6: VEN-A | D6: 523 | E6: piece | F6: 1 | H6: 2026 | I6: TRUE | J6: TRUE | K6: =VLOOKUP(A6, Products!$A:$C, 3, FALSE) | L6: =VLOOKUP(A6, Products!$A:$D, 4, FALSE) | M6: =VLOOKUP(C6, Vendors!$A:$B, 2, FALSE)
A7: POSM-002 | C7: VEN-C | D7: 28.5 | E7: piece | F7: 1 | H7: 2026 | I7: TRUE | J7: TRUE | K7: =VLOOKUP(A7, Products!$A:$C, 3, FALSE) | L7: =VLOOKUP(A7, Products!$A:$D, 4, FALSE) | M7: =VLOOKUP(C7, Vendors!$A:$B, 2, FALSE)
A8: POSM-002 | C8: VEN-D | D8: 30 | E8: piece | F8: 1 | H8: 2026 | I8: FALSE | J8: TRUE | K8: =VLOOKUP(A8, Products!$A:$C, 3, FALSE) | L8: =VLOOKUP(A8, Products!$A:$D, 4, FALSE) | M8: =VLOOKUP(C8, Vendors!$A:$B, 2, FALSE)
A9: POSM-002 | C9: VEN-E | D9: 25 | E9: piece | F9: 1 | H9: 2026 | I9: FALSE | J9: FALSE | K9: =VLOOKUP(A9, Products!$A:$C, 3, FALSE) | L9: =VLOOKUP(A9, Products!$A:$D, 4, FALSE) | M9: =VLOOKUP(C9, Vendors!$A:$B, 2, FALSE)
A10: POSM-003 | B10: POSM-003-V1 | C10: VEN-E | D10: 65 | E10: piece | F10: 1 | H10: 2026 | I10: TRUE | J10: TRUE | K10: =VLOOKUP(A10, Products!$A:$C, 3, FALSE) | L10: =VLOOKUP(A10, Products!$A:$D, 4, FALSE) | M10: =VLOOKUP(C10, Vendors!$A:$B, 2, FALSE)
A11: POSM-003 | B11: POSM-003-V2 | C11: VEN-E | D11: 55 | E11: piece | F11: 1 | H11: 2026 | I11: TRUE | J11: TRUE | K11: =VLOOKUP(A11, Products!$A:$C, 3, FALSE) | L11: =VLOOKUP(A11, Products!$A:$D, 4, FALSE) | M11: =VLOOKUP(C11, Vendors!$A:$B, 2, FALSE)
A12: POSM-006 | B12: POSM-006-V1 | C12: VEN-N | D12: 3500 | E12: piece | F12: 1 | H12: 2026 | I12: TRUE | J12: TRUE | K12: =VLOOKUP(A12, Products!$A:$C, 3, FALSE) | L12: =VLOOKUP(A12, Products!$A:$D, 4, FALSE) | M12: =VLOOKUP(C12, Vendors!$A:$B, 2, FALSE)
A13: POSM-006 | B13: POSM-006-V2 | C13: VEN-N | D13: 3700 | E13: piece | F13: 1 | H13: 2026 | I13: TRUE | J13: TRUE | K13: =VLOOKUP(A13, Products!$A:$C, 3, FALSE) | L13: =VLOOKUP(A13, Products!$A:$D, 4, FALSE) | M13: =VLOOKUP(C13, Vendors!$A:$B, 2, FALSE)
A14: PRINT-001 | B14: PRINT-001-V1 | C14: VEN-F | D14: 580 | E14: piece | F14: 1 | H14: 2026 | I14: TRUE | J14: TRUE | K14: =VLOOKUP(A14, Products!$A:$C, 3, FALSE) | L14: =VLOOKUP(A14, Products!$A:$D, 4, FALSE) | M14: =VLOOKUP(C14, Vendors!$A:$B, 2, FALSE)
A15: PRINT-001 | B15: PRINT-001-V2 | C15: VEN-F | D15: 450 | E15: piece | F15: 1 | H15: 2026 | I15: TRUE | J15: TRUE | K15: =VLOOKUP(A15, Products!$A:$C, 3, FALSE) | L15: =VLOOKUP(A15, Products!$A:$D, 4, FALSE) | M15: =VLOOKUP(C15, Vendors!$A:$B, 2, FALSE)
A16: PRINT-001 | B16: PRINT-001-V3 | C16: VEN-F | D16: 350 | E16: piece | F16: 1 | H16: 2026 | I16: TRUE | J16: TRUE | K16: =VLOOKUP(A16, Products!$A:$C, 3, FALSE) | L16: =VLOOKUP(A16, Products!$A:$D, 4, FALSE) | M16: =VLOOKUP(C16, Vendors!$A:$B, 2, FALSE)
A17: PRINT-002 | C17: VEN-G | D17: 350 | E17: piece | F17: 1 | H17: 2026 | I17: TRUE | J17: TRUE | K17: =VLOOKUP(A17, Products!$A:$C, 3, FALSE) | L17: =VLOOKUP(A17, Products!$A:$D, 4, FALSE) | M17: =VLOOKUP(C17, Vendors!$A:$B, 2, FALSE)
A18: PRINT-005 | B18: PRINT-005-V1 | C18: VEN-H | D18: 45 | E18: piece | F18: 1 | H18: 2026 | I18: TRUE | J18: TRUE | K18: =VLOOKUP(A18, Products!$A:$C, 3, FALSE) | L18: =VLOOKUP(A18, Products!$A:$D, 4, FALSE) | M18: =VLOOKUP(C18, Vendors!$A:$B, 2, FALSE)
A19: PRINT-005 | B19: PRINT-005-V2 | C19: VEN-H | D19: 60 | E19: piece | F19: 1 | H19: 2026 | I19: TRUE | J19: TRUE | K19: =VLOOKUP(A19, Products!$A:$C, 3, FALSE) | L19: =VLOOKUP(A19, Products!$A:$D, 4, FALSE) | M19: =VLOOKUP(C19, Vendors!$A:$B, 2, FALSE)
A20: GARMT-001 | B20: GARMT-001-V1 | C20: VEN-I | D20: 90 | E20: piece | F20: 1 | H20: 2026 | I20: TRUE | J20: TRUE | K20: =VLOOKUP(A20, Products!$A:$C, 3, FALSE) | L20: =VLOOKUP(A20, Products!$A:$D, 4, FALSE) | M20: =VLOOKUP(C20, Vendors!$A:$B, 2, FALSE)
A21: GARMT-001 | B21: GARMT-001-V2 | C21: VEN-I | D21: 95 | E21: piece | F21: 1 | H21: 2026 | I21: TRUE | J21: TRUE | K21: =VLOOKUP(A21, Products!$A:$C, 3, FALSE) | L21: =VLOOKUP(A21, Products!$A:$D, 4, FALSE) | M21: =VLOOKUP(C21, Vendors!$A:$B, 2, FALSE)
A22: GARMT-001 | B22: GARMT-001-V3 | C22: VEN-I | D22: 100 | E22: piece | F22: 1 | H22: 2026 | I22: TRUE | J22: TRUE | K22: =VLOOKUP(A22, Products!$A:$C, 3, FALSE) | L22: =VLOOKUP(A22, Products!$A:$D, 4, FALSE) | M22: =VLOOKUP(C22, Vendors!$A:$B, 2, FALSE)
A23: GARMT-001 | B23: GARMT-001-V4 | C23: VEN-I | D23: 110 | E23: piece | F23: 1 | H23: 2026 | I23: TRUE | J23: TRUE | K23: =VLOOKUP(A23, Products!$A:$C, 3, FALSE) | L23: =VLOOKUP(A23, Products!$A:$D, 4, FALSE) | M23: =VLOOKUP(C23, Vendors!$A:$B, 2, FALSE)
A24: GARMT-001 | B24: GARMT-001-V1 | C24: VEN-O | D24: 75 | E24: piece | F24: 1 | H24: 2026 | I24: FALSE | J24: FALSE | K24: =VLOOKUP(A24, Products!$A:$C, 3, FALSE) | L24: =VLOOKUP(A24, Products!$A:$D, 4, FALSE) | M24: =VLOOKUP(C24, Vendors!$A:$B, 2, FALSE)
A25: GARMT-002 | B25: GARMT-002-V1 | C25: VEN-J | D25: 120 | E25: piece | F25: 1 | H25: 2026 | I25: TRUE | J25: TRUE | K25: =VLOOKUP(A25, Products!$A:$C, 3, FALSE) | L25: =VLOOKUP(A25, Products!$A:$D, 4, FALSE) | M25: =VLOOKUP(C25, Vendors!$A:$B, 2, FALSE)
A26: GARMT-002 | B26: GARMT-002-V3 | C26: VEN-J | D26: 130 | E26: piece | F26: 1 | H26: 2026 | I26: TRUE | J26: TRUE | K26: =VLOOKUP(A26, Products!$A:$C, 3, FALSE) | L26: =VLOOKUP(A26, Products!$A:$D, 4, FALSE) | M26: =VLOOKUP(C26, Vendors!$A:$B, 2, FALSE)
A27: GARMT-004 | B27: GARMT-004-V1 | C27: VEN-K | D27: 25 | E27: piece | F27: 1 | H27: 2026 | I27: TRUE | J27: TRUE | K27: =VLOOKUP(A27, Products!$A:$C, 3, FALSE) | L27: =VLOOKUP(A27, Products!$A:$D, 4, FALSE) | M27: =VLOOKUP(C27, Vendors!$A:$B, 2, FALSE)
A28: GARMT-004 | B28: GARMT-004-V2 | C28: VEN-K | D28: 30 | E28: piece | F28: 1 | H28: 2026 | I28: TRUE | J28: TRUE | K28: =VLOOKUP(A28, Products!$A:$C, 3, FALSE) | L28: =VLOOKUP(A28, Products!$A:$D, 4, FALSE) | M28: =VLOOKUP(C28, Vendors!$A:$B, 2, FALSE)
A29: GARMT-004 | B29: GARMT-004-V4 | C29: VEN-K | D29: 40 | E29: piece | F29: 1 | H29: 2026 | I29: TRUE | J29: TRUE | K29: =VLOOKUP(A29, Products!$A:$C, 3, FALSE) | L29: =VLOOKUP(A29, Products!$A:$D, 4, FALSE) | M29: =VLOOKUP(C29, Vendors!$A:$B, 2, FALSE)
... A33: PREM-004 | B33: PREM-004-V2 | C33: VEN-M | D33: 800 | E33: piece | F33: 1 | H33: 2026 | I33: TRUE | J33: TRUE | K33: =VLOOKUP(A33, Products!$A:$C, 3, FALSE) | L33: =VLOOKUP(A33, Products!$A:$D, 4, FALSE) | M33: =VLOOKUP(C33, Vendors!$A:$B, 2, FALSE)
