Workbook

Sheet README

Sheet Products
A1: Product Code | B1: Category | C1: Product Name | D1: Pricing Model | E1: Has Variants | F1: Related Products Code | G1: Example
A2: POSM-001 | B2: POSM(MKT) | C2: ร่มโค้ก | D2: ต่อชิ้น | E2: TRUE
A3: POSM-002 | B3: POSM(MKT) | C3: กล่องทิชชู-โค้ก | D3: ต่อชิ้น | E3: FALSE
A4: POSM-003 | B4: POSM(MKT) | C4: ผ้ากันเปื้อนโคคา-โคล่า | D4: ต่อชิ้น | E4: TRUE
A5: POSM-004 | B5: POSM(MKT) | C5: ถังใส่น้ำแข็ง-โค้ก | D5: ต่อชิ้น | E5: FALSE
A6: POSM-005 | B6: POSM(MKT) | C6: กล่องใส่ช้อน/ตะเกียบ | D6: ต่อชิ้น | E6: FALSE
A7: POSM-006 | B7: Printing(MKT) | C7: Mega Rack | D7: ต่อชิ้น | E7: TRUE
A8: PRINT-001 | B8: Printing(MKT) | C8: PP Board | D8: ต่อชิ้น | E8: TRUE
A9: PRINT-002 | B9: Printing(MKT) | C9: ป้ายรายการอาหารโค้ก | D9: ต่อชิ้น | E9: FALSE
A10: PRINT-003 | B10: Printing(MKT) | C10: แบนเนอร์โค้ก | D10: ต่อชิ้น | E10: FALSE
A11: PRINT-004 | B11: Printing(MKT) | C11: ผ้าใบกันสาด-โค้ก | D11: ต่อชิ้น | E11: FALSE
A12: PRINT-005 | B12: Printing(MKT) | C12: แผ่นริจิ-โค้ก | D12: ต่อชิ้น | E12: TRUE
A13: GARMT-001 | B13: Garment | C13: เสื้อยืด | D13: ต่อชิ้น | E13: TRUE
... A19: PREM-004 | B19: Premium | C19: Bean Bag | D19: ต่อชิ้น | E19: TRUE
A20: PRINTR-001 | B20: Printing-Rate | C20: ป้ายไวนิล แบบปล่อยชาย | D20: ต่อ ตรม. | E20: FALSE | G20: 1m*3m=3m
A21: PRINTR-002 | B21: Printing-Rate | C21: ป้ายไวนิลหลังดำ แบบปล่อยชาย | D21: ต่อ ตรม. | E21: FALSE

Sheet Variants
A1: Product Code | B1: Variant Code | C1: Product Name | D1: Description | E1: Notes
A2: POSM-001 | B2: POSM-001-V1 | C2: =IFERROR(VLOOKUP(A2,Products!A:C,3,FALSE), "-") -> ร่มโค้ก | D2: 36 นิ้ว โครงเหล็ก สีตาย (ไม่เกิน 4 สี)
A3: POSM-001 | B3: POSM-001-V2 | C3: =IFERROR(VLOOKUP(A3,Products!A:C,3,FALSE), "-") -> ร่มโค้ก | D3: 36 นิ้ว โครงเหล็ก ไล่ระดับสี (ไม่เกิน 8 เฉด)
A4: POSM-001 | B4: POSM-001-V3 | C4: =IFERROR(VLOOKUP(A4,Products!A:C,3,FALSE), "-") -> ร่มโค้ก | D4: 36 นิ้ว โครงไฟเบอร์ สีตาย (ไม่เกิน 4 สี)
A5: POSM-001 | B5: POSM-001-V4 | C5: =IFERROR(VLOOKUP(A5,Products!A:C,3,FALSE), "-") -> ร่มโค้ก | D5: 36 นิ้ว โครงไฟเบอร์ ไล่ระดับสี (ไม่เกิน 8 เฉด)
A6: POSM-001 | B6: POSM-001-V5 | C6: =IFERROR(VLOOKUP(A6,Products!A:C,3,FALSE), "-") -> ร่มโค้ก | D6: 40 นิ้ว โครงเหล็ก สีตาย (ไม่เกิน 4 สี)
A7: POSM-001 | B7: POSM-001-V6 | C7: =IFERROR(VLOOKUP(A7,Products!A:C,3,FALSE), "-") -> ร่มโค้ก | D7: 40 นิ้ว โครงเหล็ก ไล่ระดับสี (ไม่เกิน 8 เฉด)
A8: POSM-001 | B8: POSM-001-V7 | C8: =IFERROR(VLOOKUP(A8,Products!A:C,3,FALSE), "-") -> ร่มโค้ก | D8: 40 นิ้ว โครงไฟเบอร์ สีตาย (ไม่เกิน 4 สี)
A9: POSM-001 | B9: POSM-001-V8 | C9: =IFERROR(VLOOKUP(A9,Products!A:C,3,FALSE), "-") -> ร่มโค้ก | D9: 40 นิ้ว โครงไฟเบอร์ ไล่ระดับสี (ไม่เกิน 8 เฉด)
A10: POSM-003 | B10: POSM-003-V1 | C10: =IFERROR(VLOOKUP(A10,Products!A:C,3,FALSE), "-") -> ผ้ากันเปื้อนโคคา-โคล่า | D10: เอี้ยม (เต็มตัว) ไขว้หลัง
A11: POSM-003 | B11: POSM-003-V2 | C11: =IFERROR(VLOOKUP(A11,Products!A:C,3,FALSE), "-") -> ผ้ากันเปื้อนโคคา-โคล่า | D11: ครึ่งตัว
A12: POSM-006 | B12: POSM-006-V1 | C12: =IFERROR(VLOOKUP(A12,Products!A:C,3,FALSE), "-") -> Mega Rack | D12: 120x40x150 cm (TT-DSD)
A13: POSM-006 | B13: POSM-006-V2 | C13: =IFERROR(VLOOKUP(A13,Products!A:C,3,FALSE), "-") -> Mega Rack | D13: 150x60x150 cm (WS)
... A34: PREM-001 | B34: PREM-001-V2 | C34: =IFERROR(VLOOKUP(A34,Products!A:C,3,FALSE), "-") -> แก้วกระดาษ | D34: 22 ออนซ์

Sheet Vendors
A1: Vendor Code | B1: Vendor Name
A2: VEN-A | B2: Vendor A
A3: VEN-B | B3: Vendor B
A4: VEN-C | B4: Vendor C
A5: VEN-D | B5: Vendor D
A6: VEN-E | B6: Vendor E
A7: VEN-F | B7: Vendor F
A8: VEN-G | B8: Vendor G
A9: VEN-H | B9: Vendor H
A10: VEN-I | B10: Vendor I
A11: VEN-J | B11: Vendor J
A12: VEN-K | B12: Vendor K
... A16: VEN-O | B16: Vendor O

Sheet Vendor_Prices
A1: Product Code | B1: Variant Code | C1: Vendor Code | D1: Year | E1: Product Name | F1: Product Description | G1: Price | H1: Qty | I1: Qty Range | J1: Vendor Name | K1: Notes
A2: POSM-001 | B2: POSM-001-V1 | C2: VEN-A | D2: 2026 | E2: =IFERROR(VLOOKUP(A2, Products!$A:$C, 3, FALSE), "-") -> ร่มโค้ก | F2: =IFERROR(VLOOKUP(B2,Variants!B:D,2,FALSE), "-") -> ร่มโค้ก | G2: 523 | I2: 1-99 ชิ้น | J2: =IFERROR(VLOOKUP(C2, Vendors!A:B, 2, FALSE), "-") -> Vendor A
A3: POSM-001 | B3: POSM-001-V1 | C3: VEN-B | D3: 2026 | E3: =IFERROR(VLOOKUP(A3, Products!$A:$C, 3, FALSE), "-") -> ร่มโค้ก | F3: =IFERROR(VLOOKUP(B3,Variants!B:D,2,FALSE), "-") -> ร่มโค้ก | G3: 565 | I3: 100-499 ชิ้น | J3: =IFERROR(VLOOKUP(C3, Vendors!A:B, 2, FALSE), "-") -> Vendor B
A4: POSM-001 | B4: POSM-001-V1 | C4: VEN-C | D4: 2026 | E4: =IFERROR(VLOOKUP(A4, Products!$A:$C, 3, FALSE), "-") -> ร่มโค้ก | F4: =IFERROR(VLOOKUP(B4,Variants!B:D,2,FALSE), "-") -> ร่มโค้ก | G4: 480 | I4: 500+ ชิ้น | J4: =IFERROR(VLOOKUP(C4, Vendors!A:B, 2, FALSE), "-") -> Vendor C
A5: POSM-001 | B5: POSM-001-V2 | C5: VEN-A | D5: 2026 | E5: =IFERROR(VLOOKUP(A5, Products!$A:$C, 3, FALSE), "-") -> ร่มโค้ก | F5: =IFERROR(VLOOKUP(B5,Variants!B:D,2,FALSE), "-") -> ร่มโค้ก | G5: 528 | H5: 1 | J5: =IFERROR(VLOOKUP(C5, Vendors!A:B, 2, FALSE), "-") -> Vendor A
A6: POSM-001 | B6: POSM-001-V3 | C6: VEN-A | D6: 2026 | E6: =IFERROR(VLOOKUP(A6, Products!$A:$C, 3, FALSE), "-") -> ร่มโค้ก | F6: =IFERROR(VLOOKUP(B6,Variants!B:D,2,FALSE), "-") -> ร่มโค้ก | G6: 523 | H6: 1 | J6: =IFERROR(VLOOKUP(C6, Vendors!A:B, 2, FALSE), "-") -> Vendor A
A7: POSM-002 | C7: VEN-C | D7: 2026 | E7: =IFERROR(VLOOKUP(A7, Products!$A:$C, 3, FALSE), "-") -> กล่องทิชชู-โค้ก | F7: =IFERROR(VLOOKUP(B7,Variants!B:D,2,FALSE), "-") -> - | G7: 28.5 | I7: 1-49 ชิ้น | J7: =IFERROR(VLOOKUP(C7, Vendors!A:B, 2, FALSE), "-") -> Vendor C
A8: POSM-002 | C8: VEN-D | D8: 2026 | E8: =IFERROR(VLOOKUP(A8, Products!$A:$C, 3, FALSE), "-") -> กล่องทิชชู-โค้ก | F8: =IFERROR(VLOOKUP(B8,Variants!B:D,2,FALSE), "-") -> - | G8: 30 | I8: 50-199 ชิ้น | J8: =IFERROR(VLOOKUP(C8, Vendors!A:B, 2, FALSE), "-") -> Vendor D
A9: POSM-002 | C9: VEN-E | D9: 2026 | E9: =IFERROR(VLOOKUP(A9, Products!$A:$C, 3, FALSE), "-") -> กล่องทิชชู-โค้ก | F9: =IFERROR(VLOOKUP(B9,Variants!B:D,2,FALSE), "-") -> - | G9: 25 | I9: 200+ ชิ้น | J9: =IFERROR(VLOOKUP(C9, Vendors!A:B, 2, FALSE), "-") -> Vendor E
A10: POSM-003 | B10: POSM-003-V1 | C10: VEN-E | D10: 2026 | E10: =IFERROR(VLOOKUP(A10, Products!$A:$C, 3, FALSE), "-") -> ผ้ากันเปื้อนโคคา-โคล่า | F10: =IFERROR(VLOOKUP(B10,Variants!B:D,2,FALSE), "-") -> ผ้ากันเปื้อนโคคา-โคล่า | G10: 65 | H10: 1 | J10: =IFERROR(VLOOKUP(C10, Vendors!A:B, 2, FALSE), "-") -> Vendor E
A11: POSM-003 | B11: POSM-003-V2 | C11: VEN-E | D11: 2026 | E11: =IFERROR(VLOOKUP(A11, Products!$A:$C, 3, FALSE), "-") -> ผ้ากันเปื้อนโคคา-โคล่า | F11: =IFERROR(VLOOKUP(B11,Variants!B:D,2,FALSE), "-") -> ผ้ากันเปื้อนโคคา-โคล่า | G11: 55 | H11: 1 | J11: =IFERROR(VLOOKUP(C11, Vendors!A:B, 2, FALSE), "-") -> Vendor E
A12: POSM-006 | B12: POSM-006-V1 | C12: VEN-N | D12: 2026 | E12: =IFERROR(VLOOKUP(A12, Products!$A:$C, 3, FALSE), "-") -> Mega Rack | F12: =IFERROR(VLOOKUP(B12,Variants!B:D,2,FALSE), "-") -> Mega Rack | G12: 3500 | I12: 1-999 ชิ้น | J12: =IFERROR(VLOOKUP(C12, Vendors!A:B, 2, FALSE), "-") -> Vendor N
A13: POSM-006 | B13: POSM-006-V2 | C13: VEN-N | D13: 2026 | E13: =IFERROR(VLOOKUP(A13, Products!$A:$C, 3, FALSE), "-") -> Mega Rack | F13: =IFERROR(VLOOKUP(B13,Variants!B:D,2,FALSE), "-") -> Mega Rack | G13: 3700 | H13: 1 | J13: =IFERROR(VLOOKUP(C13, Vendors!A:B, 2, FALSE), "-") -> Vendor N
A14: PRINT-001 | B14: PRINT-001-V1 | C14: VEN-F | D14: 2026 | E14: =IFERROR(VLOOKUP(A14, Products!$A:$C, 3, FALSE), "-") -> PP Board | F14: =IFERROR(VLOOKUP(B14,Variants!B:D,2,FALSE), "-") -> PP Board | G14: 580 | H14: 1 | J14: =IFERROR(VLOOKUP(C14, Vendors!A:B, 2, FALSE), "-") -> Vendor F
A15: PRINT-001 | B15: PRINT-001-V2 | C15: VEN-F | D15: 2026 | E15: =IFERROR(VLOOKUP(A15, Products!$A:$C, 3, FALSE), "-") -> PP Board | F15: =IFERROR(VLOOKUP(B15,Variants!B:D,2,FALSE), "-") -> PP Board | G15: 450 | I15: 1000+ ชิ้น | J15: =IFERROR(VLOOKUP(C15, Vendors!A:B, 2, FALSE), "-") -> Vendor F
A16: PRINT-001 | B16: PRINT-001-V3 | C16: VEN-F | D16: 2026 | E16: =IFERROR(VLOOKUP(A16, Products!$A:$C, 3, FALSE), "-") -> PP Board | F16: =IFERROR(VLOOKUP(B16,Variants!B:D,2,FALSE), "-") -> PP Board | G16: 350 | H16: 1 | J16: =IFERROR(VLOOKUP(C16, Vendors!A:B, 2, FALSE), "-") -> Vendor F
A17: PRINT-002 | C17: VEN-G | D17: 2026 | E17: =IFERROR(VLOOKUP(A17, Products!$A:$C, 3, FALSE), "-") -> ป้ายรายการอาหารโค้ก | F17: =IFERROR(VLOOKUP(B17,Variants!B:D,2,FALSE), "-") -> - | G17: 350 | H17: 1 | J17: =IFERROR(VLOOKUP(C17, Vendors!A:B, 2, FALSE), "-") -> Vendor G
A18: PRINT-005 | B18: PRINT-005-V1 | C18: VEN-H | D18: 2026 | E18: =IFERROR(VLOOKUP(A18, Products!$A:$C, 3, FALSE), "-") -> แผ่นริจิ-โค้ก | F18: =IFERROR(VLOOKUP(B18,Variants!B:D,2,FALSE), "-") -> แผ่นริจิ-โค้ก | G18: 45 | I18: 1-24 ชิ้น | J18: =IFERROR(VLOOKUP(C18, Vendors!A:B, 2, FALSE), "-") -> Vendor H
A19: PRINT-005 | B19: PRINT-005-V2 | C19: VEN-H | D19: 2026 | E19: =IFERROR(VLOOKUP(A19, Products!$A:$C, 3, FALSE), "-") -> แผ่นริจิ-โค้ก | F19: =IFERROR(VLOOKUP(B19,Variants!B:D,2,FALSE), "-") -> แผ่นริจิ-โค้ก | G19: 60 | H19: 1 | J19: =IFERROR(VLOOKUP(C19, Vendors!A:B, 2, FALSE), "-") -> Vendor H
A20: GARMT-001 | B20: GARMT-001-V1 | C20: VEN-I | D20: 2026 | E20: =IFERROR(VLOOKUP(A20, Products!$A:$C, 3, FALSE), "-") -> เสื้อยืด | F20: =IFERROR(VLOOKUP(B20,Variants!B:D,2,FALSE), "-") -> เสื้อยืด | G20: 90 | I20: 25-99 ชิ้น | J20: =IFERROR(VLOOKUP(C20, Vendors!A:B, 2, FALSE), "-") -> Vendor I
A21: GARMT-001 | B21: GARMT-001-V2 | C21: VEN-I | D21: 2026 | E21: =IFERROR(VLOOKUP(A21, Products!$A:$C, 3, FALSE), "-") -> เสื้อยืด | F21: =IFERROR(VLOOKUP(B21,Variants!B:D,2,FALSE), "-") -> เสื้อยืด | G21: 95 | H21: 1 | J21: =IFERROR(VLOOKUP(C21, Vendors!A:B, 2, FALSE), "-") -> Vendor I
A22: GARMT-001 | B22: GARMT-001-V3 | C22: VEN-I | D22: 2026 | E22: =IFERROR(VLOOKUP(A22, Products!$A:$C, 3, FALSE), "-") -> เสื้อยืด | F22: =IFERROR(VLOOKUP(B22,Variants!B:D,2,FALSE), "-") -> เสื้อยืด | G22: 100 | H22: 1 | J22: =IFERROR(VLOOKUP(C22, Vendors!A:B, 2, FALSE), "-") -> Vendor I
A23: GARMT-001 | B23: GARMT-001-V4 | C23: VEN-I | D23: 2026 | E23: =IFERROR(VLOOKUP(A23, Products!$A:$C, 3, FALSE), "-") -> เสื้อยืด | F23: =IFERROR(VLOOKUP(B23,Variants!B:D,2,FALSE), "-") -> เสื้อยืด | G23: 110 | I23: 100-499 ชิ้น | J23: =IFERROR(VLOOKUP(C23, Vendors!A:B, 2, FALSE), "-") -> Vendor I
A24: GARMT-001 | B24: GARMT-001-V1 | C24: VEN-O | D24: 2026 | E24: =IFERROR(VLOOKUP(A24, Products!$A:$C, 3, FALSE), "-") -> เสื้อยืด | F24: =IFERROR(VLOOKUP(B24,Variants!B:D,2,FALSE), "-") -> เสื้อยืด | G24: 75 | H24: 1 | J24: =IFERROR(VLOOKUP(C24, Vendors!A:B, 2, FALSE), "-") -> Vendor O
A25: GARMT-002 | B25: GARMT-002-V1 | C25: VEN-J | D25: 2026 | E25: =IFERROR(VLOOKUP(A25, Products!$A:$C, 3, FALSE), "-") -> เสื้อโปโล TC | F25: =IFERROR(VLOOKUP(B25,Variants!B:D,2,FALSE), "-") -> เสื้อโปโล TC | G25: 120 | H25: 1 | J25: =IFERROR(VLOOKUP(C25, Vendors!A:B, 2, FALSE), "-") -> Vendor J
A26: GARMT-002 | B26: GARMT-002-V3 | C26: VEN-J | D26: 2026 | E26: =IFERROR(VLOOKUP(A26, Products!$A:$C, 3, FALSE), "-") -> เสื้อโปโล TC | F26: =IFERROR(VLOOKUP(B26,Variants!B:D,2,FALSE), "-") -> เสื้อโปโล TC | G26: 130 | I26: 500-999 ชิ้น | J26: =IFERROR(VLOOKUP(C26, Vendors!A:B, 2, FALSE), "-") -> Vendor J
A27: GARMT-004 | B27: GARMT-004-V1 | C27: VEN-K | D27: 2026 | E27: =IFERROR(VLOOKUP(A27, Products!$A:$C, 3, FALSE), "-") -> สกรีน | F27: =IFERROR(VLOOKUP(B27,Variants!B:D,2,FALSE), "-") -> สกรีน | G27: 25 | H27: 1 | J27: =IFERROR(VLOOKUP(C27, Vendors!A:B, 2, FALSE), "-") -> Vendor K
A28: GARMT-004 | B28: GARMT-004-V2 | C28: VEN-K | D28: 2026 | E28: =IFERROR(VLOOKUP(A28, Products!$A:$C, 3, FALSE), "-") -> สกรีน | F28: =IFERROR(VLOOKUP(B28,Variants!B:D,2,FALSE), "-") -> สกรีน | G28: 30 | H28: 1 | J28: =IFERROR(VLOOKUP(C28, Vendors!A:B, 2, FALSE), "-") -> Vendor K
A29: GARMT-004 | B29: GARMT-004-V4 | C29: VEN-K | D29: 2026 | E29: =IFERROR(VLOOKUP(A29, Products!$A:$C, 3, FALSE), "-") -> สกรีน | F29: =IFERROR(VLOOKUP(B29,Variants!B:D,2,FALSE), "-") -> สกรีน | G29: 40 | I29: 1000+ ชิ้น | J29: =IFERROR(VLOOKUP(C29, Vendors!A:B, 2, FALSE), "-") -> Vendor K
A30: PREM-001 | B30: PREM-001-V1 | C30: VEN-L | D30: 2026 | E30: =IFERROR(VLOOKUP(A30, Products!$A:$C, 3, FALSE), "-") -> แก้วกระดาษ | F30: =IFERROR(VLOOKUP(B30,Variants!B:D,2,FALSE), "-") -> แก้วกระดาษ | G30: 1.53 | H30: 1 | J30: =IFERROR(VLOOKUP(C30, Vendors!A:B, 2, FALSE), "-") -> Vendor L
A31: PREM-001 | B31: PREM-001-V2 | C31: VEN-L | D31: 2026 | E31: =IFERROR(VLOOKUP(A31, Products!$A:$C, 3, FALSE), "-") -> แก้วกระดาษ | F31: =IFERROR(VLOOKUP(B31,Variants!B:D,2,FALSE), "-") -> แก้วกระดาษ | G31: 3.94 | H31: 1 | J31: =IFERROR(VLOOKUP(C31, Vendors!A:B, 2, FALSE), "-") -> Vendor L
A32: PREM-004 | B32: PREM-004-V1 | C32: VEN-M | D32: 2026 | E32: =IFERROR(VLOOKUP(A32, Products!$A:$C, 3, FALSE), "-") -> Bean Bag | F32: =IFERROR(VLOOKUP(B32,Variants!B:D,2,FALSE), "-") -> Bean Bag | G32: 850 | H32: 1 | J32: =IFERROR(VLOOKUP(C32, Vendors!A:B, 2, FALSE), "-") -> Vendor M
A33: PREM-004 | B33: PREM-004-V2 | C33: VEN-M | D33: 2026 | E33: =IFERROR(VLOOKUP(A33, Products!$A:$C, 3, FALSE), "-") -> Bean Bag | F33: =IFERROR(VLOOKUP(B33,Variants!B:D,2,FALSE), "-") -> Bean Bag | G33: 800 | H33: 1 | J33: =IFERROR(VLOOKUP(C33, Vendors!A:B, 2, FALSE), "-") -> Vendor M
E34: =IFERROR(VLOOKUP(A34, Products!$A:$C, 3, FALSE), "-") -> - | J34: =IFERROR(VLOOKUP(C34, Vendors!A:B, 2, FALSE), "-") -> -
E35: =IFERROR(VLOOKUP(A35, Products!$A:$C, 3, FALSE), "-") -> - | J35: =IFERROR(VLOOKUP(C35, Vendors!A:B, 2, FALSE), "-") -> -
E36: =IFERROR(VLOOKUP(A36, Products!$A:$C, 3, FALSE), "-") -> - | J36: =IFERROR(VLOOKUP(C36, Vendors!A:B, 2, FALSE), "-") -> -
E37: =IFERROR(VLOOKUP(A37, Products!$A:$C, 3, FALSE), "-") -> - | J37: =IFERROR(VLOOKUP(C37, Vendors!A:B, 2, FALSE), "-") -> -
